{"cameraMode":{"drawMode":0,"name":"Shaded","section":"Shading Mode"},"sceneLighting":true,"audioPlay":false,"sceneViewState":{"m_AlwaysRefresh":false,"showFog":true,"showSkybox":true,"showFlares":true,"showImageEffects":true,"showParticleSystems":true,"showVisualEffectGraphs":true,"m_FxEnabled":true},"in2DMode":false,"pivot":{"x":-0.3720211088657379,"y":0.8149878978729248,"z":0.7240768074989319},"rotation":{"x":0.03554204851388931,"y":-0.35986068844795229,"z":0.013701719231903553,"w":0.9322643876075745},"size":1.2822520732879639,"orthographic":true}