{"cameraMode":{"drawMode":0,"name":"Shaded","section":"Shading Mode"},"sceneLighting":true,"audioPlay":false,"sceneViewState":{"m_AlwaysRefresh":false,"showFog":true,"showSkybox":true,"showFlares":true,"showImageEffects":true,"showParticleSystems":true,"showVisualEffectGraphs":true,"m_FxEnabled":true},"in2DMode":false,"pivot":{"x":-0.0002510547637939453,"y":0.753638744354248,"z":-1.2229030132293702},"rotation":{"x":0.040443338453769687,"y":0.30073490738868716,"z":-0.012370682321488858,"w":0.9529243111610413},"size":1.7654541730880738,"orthographic":true}