{"cameraMode":{"drawMode":0,"name":"Shaded","section":"Shading Mode"},"sceneLighting":true,"audioPlay":false,"sceneViewState":{"m_AlwaysRefresh":false,"showFog":true,"showSkybox":true,"showFlares":true,"showImageEffects":true,"showParticleSystems":true,"showVisualEffectGraphs":true,"m_FxEnabled":true},"in2DMode":false,"pivot":{"x":-0.6680613160133362,"y":0.7530442476272583,"z":-1.719908595085144},"rotation":{"x":0.15049076080322267,"y":-0.3104022145271301,"z":0.05021244287490845,"w":0.9374163746833801},"size":4.087413787841797,"orthographic":true}