{"cameraMode":{"drawMode":0,"name":"Shaded","section":"Shading Mode"},"sceneLighting":true,"audioPlay":false,"sceneViewState":{"m_AlwaysRefresh":false,"showFog":true,"showSkybox":true,"showFlares":true,"showImageEffects":true,"showParticleSystems":true,"showVisualEffectGraphs":true,"m_FxEnabled":true},"in2DMode":false,"pivot":{"x":-0.0005023777484893799,"y":0.8057036995887756,"z":-0.19517886638641358},"rotation":{"x":0.10808021575212479,"y":0.7236706614494324,"z":-0.11653166264295578,"w":0.6717295050621033},"size":1.0437612533569337,"orthographic":true}