{"cameraMode":{"drawMode":0,"name":"Shaded","section":"Shading Mode"},"sceneLighting":true,"audioPlay":false,"sceneViewState":{"m_AlwaysRefresh":false,"showFog":true,"showSkybox":true,"showFlares":true,"showImageEffects":true,"showParticleSystems":true,"showVisualEffectGraphs":true,"m_FxEnabled":true},"in2DMode":false,"pivot":{"x":-0.0002510547637939453,"y":0.753638744354248,"z":-1.2229030132293702},"rotation":{"x":0.1493963748216629,"y":-0.743690013885498,"z":0.17774586379528047,"w":0.6271189451217651},"size":4.087413787841797,"orthographic":true}