{"cameraMode":{"drawMode":0,"name":"Shaded","section":"Shading Mode"},"sceneLighting":true,"audioPlay":false,"sceneViewState":{"m_AlwaysRefresh":false,"showFog":true,"showSkybox":true,"showFlares":true,"showImageEffects":true,"showParticleSystems":true,"showVisualEffectGraphs":true,"m_FxEnabled":true},"in2DMode":false,"pivot":{"x":7.889999866485596,"y":0.009999990463256836,"z":-0.7000002861022949},"rotation":{"x":-0.12351412326097489,"y":-0.1855519413948059,"z":0.02324231155216694,"w":-0.9746958017349243},"size":15.771294593811036,"orthographic":true}